<application>
  <component name="CodeInsightSettings">
    <option name="SHOW_PARAMETER_NAME_HINTS_ON_COMPLETION" value="true" />
    <option name="SHOW_FULL_SIGNATURES_IN_PARAMETER_INFO" value="true" />
    <option name="INDENT_TO_CARET_ON_PASTE" value="true" />
  </component>
  <component name="DaemonCodeAnalyzerSettings">
    <option name="SHOW_METHOD_SEPARATORS" value="true" />
  </component>
  <component name="EditorSettings">
    <option name="USE_SOFT_WRAPS" value="CONSOLE" />
    <option name="IS_ENSURE_NEWLINE_AT_EOF" value="true" />
    <option name="IS_WHEEL_FONTCHANGE_ENABLED" value="true" />
  </component>
  <component name="InlayHintsSettings">
    <option name="lastViewedProviderKeyId" value="rdfandsparql.hints.prefixedname.settings" />
  </component>
  <component name="TodoConfiguration">
    <pattern icon="important" useCustomColors="true" pattern="\b(todo)\b.*">
      <option name="FOREGROUND" value="a8c023" />
      <option name="FONT_TYPE" value="2" />
      <option name="ERROR_STRIPE_COLOR" value="9dab0f" />
    </pattern>
    <pattern icon="important" useCustomColors="true" pattern="\b(fixme)\b.*">
      <option name="FOREGROUND" value="db4759" />
      <option name="FONT_TYPE" value="2" />
      <option name="EFFECT_COLOR" value="838a8e" />
      <option name="ERROR_STRIPE_COLOR" value="c026b4" />
      <option name="EFFECT_TYPE" value="2" />
    </pattern>
    <pattern icon="question" pattern="\b(question)\b.*" />
    <pattern useCustomColors="true" pattern="\b((important)|(XXX))\b.*">
      <option name="FOREGROUND" value="c0a820" />
      <option name="BACKGROUND" value="6c0c09" />
      <option name="FONT_TYPE" value="2" />
      <option name="ERROR_STRIPE_COLOR" value="977ab" />
    </pattern>
    <pattern icon="important" useCustomColors="true" pattern="\b(FIXME DELETE THIS)\b.*">
      <option name="FOREGROUND" value="c06e6b" />
      <option name="FONT_TYPE" value="2" />
      <option name="ERROR_STRIPE_COLOR" value="c06dbb" />
    </pattern>
    <pattern useCustomColors="true" pattern="\bRULE-REF.+">
      <option name="FOREGROUND" value="c0a820" />
      <option name="FONT_TYPE" value="2" />
    </pattern>
    <pattern icon="important" useCustomColors="true" case-sensitive="true" pattern="\bCONCURRENCY\b.*">
      <option name="FOREGROUND" value="be131c" />
      <option name="FONT_TYPE" value="2" />
      <option name="ERROR_STRIPE_COLOR" value="be131c" />
    </pattern>
    <filter name="todo">
      <pattern index="0" />
    </filter>
    <filter name="fixme">
      <pattern index="1" />
    </filter>
    <filter name="question">
      <pattern index="2" />
    </filter>
    <filter name="must resolve">
      <pattern index="4" />
      <pattern index="1" />
    </filter>
    <filter name="delete me">
      <pattern index="4" />
    </filter>
    <filter name="rule references">
      <pattern index="5" />
    </filter>
    <filter name="concurrency issues">
      <pattern index="6" />
    </filter>
  </component>
</application>