<application>
  <component name="SettingsSyncPlugins">
    <option name="plugins">
      <map>
        <entry key="AngularJS">
          <value>
            <PluginData>
              <option name="dependencies">
                <set>
                  <option value="JavaScript" />
                  <option value="com.intellij.modules.platform" />
                </set>
              </option>
              <option name="enabled" value="false" />
            </PluginData>
          </value>
        </entry>
        <entry key="GlassFish">
          <value>
            <PluginData>
              <option name="dependencies">
                <set>
                  <option value="com.intellij.javaee" />
                  <option value="com.intellij.javaee.app.servers.integration" />
                </set>
              </option>
              <option name="enabled" value="false" />
            </PluginData>
          </value>
        </entry>
        <entry key="GrepConsole">
          <value>
            <PluginData>
              <option name="dependencies">
                <set>
                  <option value="com.intellij.modules.lang" />
                </set>
              </option>
            </PluginData>
          </value>
        </entry>
        <entry key="IdeaMouseGestures v9.0.1+">
          <value>
            <PluginData>
              <option name="enabled" value="false" />
            </PluginData>
          </value>
        </entry>
        <entry key="JBoss">
          <value>
            <PluginData>
              <option name="dependencies">
                <set>
                  <option value="com.intellij.javaee" />
                  <option value="com.intellij.javaee.app.servers.integration" />
                </set>
              </option>
              <option name="enabled" value="false" />
            </PluginData>
          </value>
        </entry>
        <entry key="Jira Browser">
          <value>
            <PluginData />
          </value>
        </entry>
        <entry key="Key Promoter X">
          <value>
            <PluginData>
              <option name="dependencies">
                <set>
                  <option value="com.intellij.modules.lang" />
                </set>
              </option>
            </PluginData>
          </value>
        </entry>
        <entry key="PerforceDirectPlugin">
          <value>
            <PluginData>
              <option name="dependencies">
                <set>
                  <option value="com.intellij.modules.lang" />
                  <option value="com.intellij.modules.vcs" />
                </set>
              </option>
              <option name="enabled" value="false" />
            </PluginData>
          </value>
        </entry>
        <entry key="Pythonid">
          <value>
            <PluginData>
              <option name="dependencies">
                <set>
                  <option value="com.intellij.modules.python-pro-capable" />
                  <option value="com.intellij.modules.ultimate" />
                </set>
              </option>
            </PluginData>
          </value>
        </entry>
        <entry key="Quick Notes">
          <value>
            <PluginData>
              <option name="dependencies">
                <set>
                  <option value="com.intellij.modules.lang" />
                </set>
              </option>
            </PluginData>
          </value>
        </entry>
        <entry key="R4Intellij">
          <value>
            <PluginData>
              <option name="enabled" value="false" />
            </PluginData>
          </value>
        </entry>
        <entry key="String Manipulation">
          <value>
            <PluginData>
              <option name="dependencies">
                <set>
                  <option value="com.intellij.modules.platform" />
                </set>
              </option>
            </PluginData>
          </value>
        </entry>
        <entry key="Subversion">
          <value>
            <PluginData>
              <option name="dependencies">
                <set>
                  <option value="com.intellij.modules.vcs" />
                </set>
              </option>
              <option name="enabled" value="false" />
            </PluginData>
          </value>
        </entry>
        <entry key="Tomcat">
          <value>
            <PluginData>
              <option name="dependencies">
                <set>
                  <option value="com.intellij.javaee" />
                  <option value="com.intellij.javaee.app.servers.integration" />
                </set>
              </option>
              <option name="enabled" value="false" />
            </PluginData>
          </value>
        </entry>
        <entry key="appland.appmap">
          <value>
            <PluginData>
              <option name="dependencies">
                <set>
                  <option value="com.intellij.modules.json" />
                  <option value="com.intellij.modules.lang" />
                  <option value="com.intellij.modules.platform" />
                </set>
              </option>
            </PluginData>
          </value>
        </entry>
        <entry key="aws.toolkit">
          <value>
            <PluginData>
              <option name="dependencies">
                <set>
                  <option value="com.intellij.modules.lang" />
                  <option value="org.jetbrains.plugins.yaml" />
                </set>
              </option>
            </PluginData>
          </value>
        </entry>
        <entry key="bundled-intellij-idea-help">
          <value>
            <PluginData>
              <option name="dependencies">
                <set>
                  <option value="com.intellij.modules.idea" />
                </set>
              </option>
            </PluginData>
          </value>
        </entry>
        <entry key="com.android.tools.idea.smali">
          <value>
            <PluginData>
              <option name="dependencies">
                <set>
                  <option value="com.intellij.modules.java-capable" />
                  <option value="com.intellij.modules.lang" />
                </set>
              </option>
              <option name="enabled" value="false" />
            </PluginData>
          </value>
        </entry>
        <entry key="com.cegin.PUTVT">
          <value>
            <PluginData>
              <option name="dependencies">
                <set>
                  <option value="com.intellij.modules.python" />
                </set>
              </option>
              <option name="enabled" value="false" />
            </PluginData>
          </value>
        </entry>
        <entry key="com.chesterccw.excelreader">
          <value>
            <PluginData>
              <option name="dependencies">
                <set>
                  <option value="com.intellij.modules.platform" />
                </set>
              </option>
            </PluginData>
          </value>
        </entry>
        <entry key="com.crunch42.openapi">
          <value>
            <PluginData>
              <option name="dependencies">
                <set>
                  <option value="com.intellij.modules.platform" />
                  <option value="org.jetbrains.plugins.yaml" />
                </set>
              </option>
            </PluginData>
          </value>
        </entry>
        <entry key="com.dubreuia">
          <value>
            <PluginData />
          </value>
        </entry>
        <entry key="com.euphoricity.gitignore">
          <value>
            <PluginData />
          </value>
        </entry>
        <entry key="com.github.leomillon.uuidgenerator">
          <value>
            <PluginData>
              <option name="dependencies">
                <set>
                  <option value="com.intellij.modules.platform" />
                </set>
              </option>
            </PluginData>
          </value>
        </entry>
        <entry key="com.github.mfedko.idea.plugins.filelanguage">
          <value>
            <PluginData>
              <option name="dependencies">
                <set>
                  <option value="com.intellij.modules.lang" />
                </set>
              </option>
            </PluginData>
          </value>
        </entry>
        <entry key="com.github.shiraji.findpullrequest">
          <value>
            <PluginData>
              <option name="dependencies">
                <set>
                  <option value="Git4Idea" />
                  <option value="com.intellij.modules.lang" />
                  <option value="org.jetbrains.plugins.github" />
                </set>
              </option>
            </PluginData>
          </value>
        </entry>
        <entry key="com.intellij.bigdatatools">
          <value>
            <PluginData>
              <option name="dependencies">
                <set>
                  <option value="com.intellij.modules.ultimate" />
                </set>
              </option>
            </PluginData>
          </value>
        </entry>
        <entry key="com.intellij.freemarker">
          <value>
            <PluginData>
              <option name="enabled" value="false" />
            </PluginData>
          </value>
        </entry>
        <entry key="com.intellij.javafx">
          <value>
            <PluginData>
              <option name="dependencies">
                <set>
                  <option value="com.intellij.modules.platform" />
                </set>
              </option>
            </PluginData>
          </value>
        </entry>
        <entry key="com.intellij.jira">
          <value>
            <PluginData>
              <option name="dependencies">
                <set>
                  <option value="com.intellij.modules.lang" />
                  <option value="com.intellij.modules.platform" />
                  <option value="com.intellij.tasks" />
                </set>
              </option>
            </PluginData>
          </value>
        </entry>
        <entry key="com.intellij.kubernetes">
          <value>
            <PluginData />
          </value>
        </entry>
        <entry key="com.intellij.plugins.html.instantEditing">
          <value>
            <PluginData>
              <option name="dependencies">
                <set>
                  <option value="JavaScript" />
                  <option value="JavaScriptDebugger" />
                  <option value="com.intellij.css" />
                  <option value="com.intellij.modules.xml" />
                </set>
              </option>
            </PluginData>
          </value>
        </entry>
        <entry key="com.intellij.plugins.watcher">
          <value>
            <PluginData />
          </value>
        </entry>
        <entry key="com.intellij.thymeleaf">
          <value>
            <PluginData>
              <option name="enabled" value="false" />
            </PluginData>
          </value>
        </entry>
        <entry key="com.intellij.velocity">
          <value>
            <PluginData>
              <option name="dependencies">
                <set>
                  <option value="com.intellij.modules.java" />
                  <option value="com.intellij.modules.ultimate" />
                  <option value="com.intellij.properties" />
                </set>
              </option>
              <option name="enabled" value="false" />
            </PluginData>
          </value>
        </entry>
        <entry key="com.jetbrains.lets-plot-intellij-plugin">
          <value>
            <PluginData>
              <option name="dependencies">
                <set>
                  <option value="com.intellij.modules.platform" />
                  <option value="com.intellij.modules.python" />
                  <option value="com.intellij.modules.python.scientific" />
                </set>
              </option>
              <option name="enabled" value="false" />
            </PluginData>
          </value>
        </entry>
        <entry key="com.jetbrains.plugins.ini4idea">
          <value>
            <PluginData>
              <option name="dependencies">
                <set>
                  <option value="com.intellij.modules.lang" />
                </set>
              </option>
            </PluginData>
          </value>
        </entry>
        <entry key="com.kite.intellij">
          <value>
            <PluginData>
              <option name="dependencies">
                <set>
                  <option value="com.intellij.modules.lang" />
                </set>
              </option>
              <option name="enabled" value="false" />
            </PluginData>
          </value>
        </entry>
        <entry key="com.koxudaxi.poetry">
          <value>
            <PluginData>
              <option name="dependencies">
                <set>
                  <option value="com.intellij.modules.lang" />
                  <option value="com.intellij.modules.platform" />
                  <option value="com.intellij.modules.python" />
                </set>
              </option>
              <option name="enabled" value="false" />
            </PluginData>
          </value>
        </entry>
        <entry key="com.koxudaxi.pydantic">
          <value>
            <PluginData>
              <option name="dependencies">
                <set>
                  <option value="com.intellij.modules.lang" />
                  <option value="com.intellij.modules.python" />
                </set>
              </option>
            </PluginData>
          </value>
        </entry>
        <entry key="com.leinardi.pycharm.pylint">
          <value>
            <PluginData>
              <option name="dependencies">
                <set>
                  <option value="com.intellij.modules.lang" />
                  <option value="com.intellij.modules.python" />
                </set>
              </option>
              <option name="enabled" value="false" />
            </PluginData>
          </value>
        </entry>
        <entry key="com.paperetto.dash">
          <value>
            <PluginData>
              <option name="dependencies">
                <set>
                  <option value="com.intellij.modules.lang" />
                </set>
              </option>
            </PluginData>
          </value>
        </entry>
        <entry key="com.sharedvocabs.plugins.rdfandsparql">
          <value>
            <PluginData>
              <option name="dependencies">
                <set>
                  <option value="com.intellij.modules.lang" />
                  <option value="com.intellij.modules.platform" />
                </set>
              </option>
            </PluginData>
          </value>
        </entry>
        <entry key="com.uriyyo.evaluate_async_code">
          <value>
            <PluginData>
              <option name="dependencies">
                <set>
                  <option value="com.intellij.modules.lang" />
                  <option value="com.intellij.modules.python" />
                </set>
              </option>
            </PluginData>
          </value>
        </entry>
        <entry key="com.virtuslab.git-machete">
          <value>
            <PluginData>
              <option name="dependencies">
                <set>
                  <option value="Git4Idea" />
                  <option value="com.intellij.modules.lang" />
                  <option value="com.intellij.modules.platform" />
                </set>
              </option>
            </PluginData>
          </value>
        </entry>
        <entry key="cucumber-groovy">
          <value>
            <PluginData>
              <option name="dependencies">
                <set>
                  <option value="cucumber-java" />
                  <option value="gherkin" />
                  <option value="org.intellij.groovy" />
                </set>
              </option>
              <option name="enabled" value="false" />
            </PluginData>
          </value>
        </entry>
        <entry key="cucumber-java">
          <value>
            <PluginData>
              <option name="dependencies">
                <set>
                  <option value="JUnit" />
                  <option value="com.intellij.modules.java" />
                  <option value="gherkin" />
                </set>
              </option>
              <option name="enabled" value="false" />
            </PluginData>
          </value>
        </entry>
        <entry key="hg4idea">
          <value>
            <PluginData>
              <option name="dependencies">
                <set>
                  <option value="com.intellij.modules.vcs" />
                </set>
              </option>
              <option name="enabled" value="false" />
            </PluginData>
          </value>
        </entry>
        <entry key="izhangzhihao.rainbow.brackets">
          <value>
            <PluginData>
              <option name="dependencies">
                <set>
                  <option value="com.intellij.modules.lang" />
                </set>
              </option>
            </PluginData>
          </value>
        </entry>
        <entry key="launch-url-from-string">
          <value>
            <PluginData />
          </value>
        </entry>
        <entry key="lermitage.intellij.extratci">
          <value>
            <PluginData>
              <option name="dependencies">
                <set>
                  <option value="com.intellij.modules.lang" />
                </set>
              </option>
            </PluginData>
          </value>
        </entry>
        <entry key="mobi.hsz.idea.gitignore">
          <value>
            <PluginData>
              <option name="dependencies">
                <set>
                  <option value="com.intellij.modules.lang" />
                  <option value="com.intellij.modules.vcs" />
                </set>
              </option>
            </PluginData>
          </value>
        </entry>
        <entry key="name.kropp.intellij.makefile">
          <value>
            <PluginData>
              <option name="dependencies">
                <set>
                  <option value="com.intellij.modules.lang" />
                </set>
              </option>
            </PluginData>
          </value>
        </entry>
        <entry key="net.ashald.envfile">
          <value>
            <PluginData>
              <option name="dependencies">
                <set>
                  <option value="com.intellij.modules.lang" />
                </set>
              </option>
            </PluginData>
          </value>
        </entry>
        <entry key="net.seesharpsoft.intellij.plugins.csv">
          <value>
            <PluginData>
              <option name="dependencies">
                <set>
                  <option value="com.intellij.modules.lang" />
                </set>
              </option>
            </PluginData>
          </value>
        </entry>
        <entry key="org.editorconfig.editorconfigjetbrains">
          <value>
            <PluginData>
              <option name="dependencies">
                <set>
                  <option value="com.intellij.modules.lang" />
                </set>
              </option>
              <option name="enabled" value="false" />
            </PluginData>
          </value>
        </entry>
        <entry key="org.jetbrains.android">
          <value>
            <PluginData>
              <option name="dependencies">
                <set>
                  <option value="JUnit" />
                  <option value="com.android.tools.idea.smali" />
                  <option value="com.intellij.gradle" />
                  <option value="com.intellij.modules.java" />
                  <option value="com.intellij.modules.java-capable" />
                  <option value="com.intellij.platform.images" />
                  <option value="com.intellij.properties" />
                  <option value="intellij.webp" />
                  <option value="org.intellij.groovy" />
                  <option value="org.intellij.intelliLang" />
                  <option value="org.jetbrains.idea.gradle.dsl" />
                  <option value="org.jetbrains.kotlin" />
                  <option value="org.jetbrains.plugins.gradle" />
                </set>
              </option>
              <option name="enabled" value="false" />
            </PluginData>
          </value>
        </entry>
        <entry key="org.jetbrains.plugins.go-template">
          <value>
            <PluginData />
          </value>
        </entry>
        <entry key="org.jetbrains.plugins.haml">
          <value>
            <PluginData>
              <option name="enabled" value="false" />
            </PluginData>
          </value>
        </entry>
        <entry key="org.jetbrains.plugins.rest">
          <value>
            <PluginData>
              <option name="dependencies">
                <set>
                  <option value="com.intellij.modules.lang" />
                </set>
              </option>
            </PluginData>
          </value>
        </entry>
        <entry key="org.plugin.dot.id">
          <value>
            <PluginData>
              <option name="dependencies">
                <set>
                  <option value="com.intellij.modules.lang" />
                </set>
              </option>
            </PluginData>
          </value>
        </entry>
        <entry key="org.rust.lang">
          <value>
            <PluginData>
              <option name="dependencies">
                <set>
                  <option value="com.intellij.modules.lang" />
                </set>
              </option>
              <option name="enabled" value="false" />
            </PluginData>
          </value>
        </entry>
        <entry key="ru.adelf.idea.dotenv">
          <value>
            <PluginData>
              <option name="dependencies">
                <set>
                  <option value="com.intellij.modules.platform" />
                </set>
              </option>
            </PluginData>
          </value>
        </entry>
        <entry key="tanvd.grazi">
          <value>
            <PluginData>
              <option name="enabled" value="false" />
            </PluginData>
          </value>
        </entry>
        <entry key="zielu.gittoolbox">
          <value>
            <PluginData>
              <option name="dependencies">
                <set>
                  <option value="Git4Idea" />
                  <option value="com.intellij.modules.platform" />
                </set>
              </option>
            </PluginData>
          </value>
        </entry>
      </map>
    </option>
  </component>
</application>