<application>
  <component name="FileTypeManager" version="18">
    <extensionMap>
      <mapping pattern=".env.*" type="Env File" />
      <mapping ext="env" type="Env File" />
      <mapping ext="space.kts" type="Kotlin" />
      <mapping ext="gradle.kts" type="Kotlin" />
      <mapping ext="main.kts" type="Kotlin" />
      <mapping pattern=".python-version" type="PLAIN_TEXT" />
      <mapping pattern="10__schemas_50_support_mapconceptsubproperty.sql" type="PLAIN_TEXT" />
      <mapping pattern="normalize" type="PLAIN_TEXT" />
      <mapping pattern="medication_medications" type="PLAIN_TEXT" />
      <mapping pattern="CODEOWNERS" type="PLAIN_TEXT" />
      <mapping pattern="init_value_set" type="PLAIN_TEXT" />
      <mapping pattern="stage" type="PLAIN_TEXT" />
      <mapping pattern="tumor" type="PLAIN_TEXT" />
      <mapping pattern="upload_raw_history" type="Shell Script" />
      <mapping pattern="s3_head" type="Shell Script" />
      <mapping ext="xrdf" type="XML" />
      <mapping ext="gv" type="dot file" />
      <removed_mapping ext="apk" approved="true" type="ARCHIVE" />
      <removed_mapping ext="env" approved="true" type=".env file" />
      <removed_mapping ext="ignore" approved="true" type="IgnoreLang file" />
      <removed_mapping ext="psd" approved="true" type="Image" />
      <removed_mapping ext="rs" approved="true" type="Android RenderScript" />
      <removed_mapping ext="xls" approved="true" type="Native" />
      <removed_mapping ext="xlsx" approved="true" type="Native" />
      <removed_mapping pattern=".env.*" approved="true" type=".env file" />
    </extensionMap>
  </component>
</application>