<application>
  <component name="ExternalResourceManagerImpl">
    <ignored-resource url="http://data.bioontology.org/metadata/" />
    <ignored-resource url="http://knowledge.syapse.com" />
    <ignored-resource url="http://knowledge.syapse.com#" />
    <ignored-resource url="http://knowledge.syapse.com/Provenance#" />
    <ignored-resource url="http://knowledge.syapse.com/TGL#" />
    <ignored-resource url="http://knowledge.syapse.com/common/attribute#" />
    <ignored-resource url="http://knowledge.syapse.com/meta-ontology" />
    <ignored-resource url="http://knowledge.syapse.com/meta-ontology#" />
    <ignored-resource url="http://knowledge.syapse.com/oncotree/attribute#" />
    <ignored-resource url="http://www.w3.org/1999/02/22-rdf-syntax-ns#" />
    <ignored-resource url="http://www.w3.org/2000/01/rdf-schema#" />
    <ignored-resource url="http://www.w3.org/2001/XMLSchema#" />
    <ignored-resource url="http://www.w3.org/2002/07/owl" />
    <ignored-resource url="http://www.w3.org/2002/07/owl#" />
    <ignored-resource url="http://www.w3.org/2004/02/skos/core#" />
  </component>
</application>